what,kind,bundleId,bundleVersion,description,time
started,bundle,org.eclipse.jem.workbench,2.0.400.v201104251400,"org.eclipse.jem.workbench",1334114279591
started,bundle,org.eclipse.jface,3.7.0.I20110522-1430,"org.eclipse.jface",1334114279591
started,bundle,org.eclipse.jpt.common.core,1.0.0.v201105180000,"org.eclipse.jpt.common.core",1334114279592
started,bundle,org.eclipse.jpt.jpa.core,3.0.0.v201105250001,"org.eclipse.jpt.jpa.core",1334114279619
started,bundle,org.eclipse.jsch.core,1.1.300.I20110514-0800,"org.eclipse.jsch.core",1334114279620
started,bundle,org.eclipse.jst.common.project.facet.core,1.4.200.v201103170302,"org.eclipse.jst.common.project.facet.core",1334114279620
started,bundle,org.eclipse.jst.j2ee.navigator.ui,1.1.500.v201012020700,"org.eclipse.jst.j2ee.navigator.ui",1334114279628
started,bundle,org.eclipse.jst.j2ee.ui,1.1.500.v201104151900,"org.eclipse.jst.j2ee.ui",1334114279676
started,bundle,org.eclipse.jst.j2ee.webservice,1.1.400.v201004110600,"org.eclipse.jst.j2ee.webservice",1334114279677
started,bundle,org.eclipse.jst.j2ee.webservice.ui,1.1.500.v201105122000,"org.eclipse.jst.j2ee.webservice.ui",1334114279677
started,bundle,org.eclipse.jst.jee.ui,1.0.400.v201105122000,"org.eclipse.jst.jee.ui",1334114279678
started,bundle,org.eclipse.jst.ws.jaxrs.core,1.0.300.v201011231608,"org.eclipse.jst.ws.jaxrs.core",1334114279679
started,bundle,org.eclipse.jst.ws.jaxws.utils,1.0.0.v201004171919,"org.eclipse.jst.ws.jaxws.utils",1334114279679
started,bundle,org.eclipse.ltk.core.refactoring,3.5.200.v20110505-0800,"org.eclipse.ltk.core.refactoring",1334114279680
started,bundle,org.eclipse.ltk.ui.refactoring,3.6.0.v20110505-0800,"org.eclipse.ltk.ui.refactoring",1334114279681
started,bundle,org.eclipse.mylyn.bugzilla.core,3.6.0.v20110608-1400,"org.eclipse.mylyn.bugzilla.core",1334114279681
started,bundle,org.eclipse.mylyn.bugzilla.ui,3.6.0.v20110608-1400,"org.eclipse.mylyn.bugzilla.ui",1334114279682
started,bundle,org.eclipse.mylyn.commons.identity,0.8.0.v20110608-1400,"org.eclipse.mylyn.commons.identity",1334114279687
started,bundle,org.eclipse.mylyn.commons.net,3.6.0.v20110608-1400,"org.eclipse.mylyn.commons.net",1334114279687
started,bundle,org.eclipse.mylyn.commons.ui,3.6.0.v20110608-1400,"org.eclipse.mylyn.commons.ui",1334114279703
started,bundle,org.eclipse.mylyn.context.core,3.6.0.v20110608-1400,"org.eclipse.mylyn.context.core",1334114279703
started,bundle,org.eclipse.mylyn.context.ui,3.6.0.v20110608-1400,"org.eclipse.mylyn.context.ui",1334114279720
started,bundle,org.eclipse.mylyn.monitor.ui,3.6.0.v20110608-1400,"org.eclipse.mylyn.monitor.ui",1334114279720
started,bundle,org.eclipse.mylyn.tasks.ui,3.6.0.v20110608-1400,"org.eclipse.mylyn.tasks.ui",1334114279737
started,bundle,org.eclipse.mylyn.team.ui,3.6.0.v20110608-1400,"org.eclipse.mylyn.team.ui",1334114279738
started,bundle,org.eclipse.search,3.7.0.v20110505-0800,"org.eclipse.search",1334114279738
started,bundle,org.eclipse.team.core,3.6.0.I20110525-0800,"org.eclipse.team.core",1334114279739
started,bundle,org.eclipse.team.ui,3.6.100.I20110525-0800,"org.eclipse.team.ui",1334114279740
started,bundle,org.eclipse.ui,3.7.0.I20110602-0100,"org.eclipse.ui",1334114279744
started,bundle,org.eclipse.ui.console,3.5.100.v20110511,"org.eclipse.ui.console",1334114279746
started,bundle,org.eclipse.ui.editors,3.7.0.v20110517-0800,"org.eclipse.ui.editors",1334114279746
started,bundle,org.eclipse.ui.forms,3.5.100.v20110425,"org.eclipse.ui.forms",1334114279748
started,bundle,org.eclipse.ui.ide,3.7.0.I20110519-0100,"org.eclipse.ui.ide",1334114279768
started,bundle,org.eclipse.ui.navigator,3.5.100.I20110524-0800,"org.eclipse.ui.navigator",1334114279770
started,bundle,org.eclipse.ui.navigator.resources,3.4.300.I20110421-1800,"org.eclipse.ui.navigator.resources",1334114279770
started,bundle,org.eclipse.ui.net,1.2.100.I20110511-0800,"org.eclipse.ui.net",1334114279771
started,bundle,org.eclipse.ui.views,3.6.0.I20110412-0800,"org.eclipse.ui.views",1334114279772
started,bundle,org.eclipse.ui.workbench,3.7.0.I20110519-0100,"org.eclipse.ui.workbench",1334114279772
started,bundle,org.eclipse.ui.workbench.texteditor,3.7.0.v20110505-0800,"org.eclipse.ui.workbench.texteditor",1334114279773
started,bundle,org.eclipse.update.configurator,3.3.100.v20100512,"org.eclipse.update.configurator",1334114279774
started,bundle,org.eclipse.update.core,3.2.500.v20110330,"org.eclipse.update.core",1334114279794
started,bundle,org.eclipse.update.scheduler,3.2.300.v20100512,"org.eclipse.update.scheduler",1334114279794
started,bundle,org.eclipse.wst.common.core,1.2.0.v200908252030,"org.eclipse.wst.common.core",1334114279795
started,bundle,org.eclipse.wst.common.emf,1.2.100.v201101101900,"org.eclipse.wst.common.emf",1334114279795
started,bundle,org.eclipse.wst.common.frameworks.ui,1.2.100.v201105122000,"org.eclipse.wst.common.frameworks.ui",1334114279796
started,bundle,org.eclipse.wst.common.project.facet.core,1.4.200.v201103170332,"org.eclipse.wst.common.project.facet.core",1334114279797
started,bundle,org.eclipse.wst.common.uriresolver,1.1.401.v201004280700,"org.eclipse.wst.common.uriresolver",1334114279797
started,bundle,org.eclipse.wst.dtd.ui,1.0.600.v201103171359,"org.eclipse.wst.dtd.ui",1334114279798
started,bundle,org.eclipse.wst.internet.cache,1.0.400.v201004280700,"org.eclipse.wst.internet.cache",1334114279799
started,bundle,org.eclipse.wst.web,1.1.500.v201104251400,"org.eclipse.wst.web",1334114279799
started,bundle,org.eclipse.wst.xsl.core,1.1.100.v201102270516,"org.eclipse.wst.xsl.core",1334114279800
started,bundle,org.eclipse.wst.xsl.exslt.core,1.0.0.v201005240426,"org.eclipse.wst.xsl.exslt.core",1334114279800
started,bundle,org.eclipse.wst.xsl.ui,1.1.200.v201103082057,"org.eclipse.wst.xsl.ui",1334114279801
started,bundle,org.eclipse.egit.core,1.0.0.201106090707-r,"org.eclipse.egit.core",1334114279802
started,bundle,org.eclipse.egit.ui,1.0.0.201106090707-r,"org.eclipse.egit.ui",1334114279844
started,bundle,org.eclipse.jgit,1.0.0.201106090707-r,"org.eclipse.jgit",1334114279862
started,bundle,com.android.ide.eclipse.adt,16.0.0.v201112072138-234950,"com.android.ide.eclipse.adt",1334114279862
started,bundle,com.android.ide.eclipse.ddms,16.0.0.v201112072138-234950,"com.android.ide.eclipse.ddms",1334114279879
started,bundle,org.eclipse.emf.common,2.7.0.v20110912-0920,"org.eclipse.emf.common",1334114279880
started,bundle,org.eclipse.emf.common.ui,2.7.0.v20110913-1156,"org.eclipse.emf.common.ui",1334114279881
started,bundle,org.eclipse.emf.ecore,2.7.0.v20110912-0920,"org.eclipse.emf.ecore",1334114279893
started,bundle,org.eclipse.emf.edit,2.7.1.v20110913-1526,"org.eclipse.emf.edit",1334114279894
started,bundle,org.eclipse.emf.edit.ui,2.7.0.v20110913-1156,"org.eclipse.emf.edit.ui",1334114279895
started,bundle,org.eclipse.jst.j2ee,1.1.501.v201108231845,"org.eclipse.jst.j2ee",1334114279912
started,bundle,org.eclipse.jst.j2ee.core,1.2.101.v201108110300,"org.eclipse.jst.j2ee.core",1334114279913
started,bundle,org.eclipse.wst.common.emfworkbench.integration,1.2.101.v201107140600,"org.eclipse.wst.common.emfworkbench.integration",1334114279914
started,bundle,org.eclipse.wst.common.frameworks,1.2.101.v201107192200,"org.eclipse.wst.common.frameworks",1334114279914
started,bundle,org.eclipse.wst.common.modulecore,1.2.101.v201108231700,"org.eclipse.wst.common.modulecore",1334114279915
started,bundle,org.eclipse.wst.sse.core,1.1.601.v201108151912,"org.eclipse.wst.sse.core",1334114279916
started,bundle,org.eclipse.wst.sse.ui,1.3.1.v201108191312,"org.eclipse.wst.sse.ui",1334114279916
started,bundle,org.eclipse.wst.validation,1.2.302.v201107140600,"org.eclipse.wst.validation",1334114279916
started,bundle,org.eclipse.wst.xml.core,1.1.601.v201108302147,"org.eclipse.wst.xml.core",1334114279917
started,bundle,org.eclipse.wst.xml.ui,1.1.201.v201108151912,"org.eclipse.wst.xml.ui",1334114279918
started,bundle,com.amazonaws.eclipse.sdk.ui,1.0.0.v201202091122,"com.amazonaws.eclipse.sdk.ui",1334114279918
started,bundle,com.google.appengine.eclipse.core,2.5.2.v201203300216-rel-r37,"com.google.appengine.eclipse.core",1334114279918
started,bundle,com.google.gdt.eclipse.appengine.rpc,2.5.2.v201203300216-rel-r37,"com.google.gdt.eclipse.appengine.rpc",1334114279919
started,bundle,com.google.gdt.eclipse.core,2.5.2.v201203300216-rel-r37,"com.google.gdt.eclipse.core",1334114279919
started,bundle,com.google.gdt.eclipse.login,2.5.2.v201203300216-rel-r37,"com.google.gdt.eclipse.login",1334114279920
started,bundle,com.google.gdt.eclipse.managedapis,2.5.2.v201203300216-rel-r37,"com.google.gdt.eclipse.managedapis",1334114279920
started,bundle,com.google.gdt.eclipse.platform.e37,2.5.2.v201203300216-rel-r37,"com.google.gdt.eclipse.platform.e37",1334114279921
started,bundle,com.google.gdt.eclipse.platform.shared,2.5.2.v201203300216-rel-r37,"com.google.gdt.eclipse.platform.shared",1334114279922
started,bundle,com.google.gdt.eclipse.suite.ext,2.5.2.v201203300216-rel-r37,"com.google.gdt.eclipse.suite.ext",1334114279922
started,bundle,com.google.gwt.eclipse.core,2.5.2.v201203300216-rel-r37,"com.google.gwt.eclipse.core",1334114279938
os,sysinfo,,,"win32",1334114279941
arch,sysinfo,,,"x86_64",1334114279941
ws,sysinfo,,,"win32",1334114279941
locale,sysinfo,,,"en_US",1334114279941
processors,sysinfo,,,"4",1334114279941
java.runtime.name,sysinfo,,,"Java(TM) SE Runtime Environment",1334114279941
java.runtime.version,sysinfo,,,"1.6.0_24-b07",1334114279941
java.specification.name,sysinfo,,,"Java Platform API Specification",1334114279941
java.specification.vendor,sysinfo,,,"Sun Microsystems Inc.",1334114279941
java.specification.version,sysinfo,,,"1.6",1334114279941
java.vendor,sysinfo,,,"Sun Microsystems Inc.",1334114279941
java.version,sysinfo,,,"1.6.0_24",1334114279941
java.vm.info,sysinfo,,,"mixed mode",1334114279941
java.vm.name,sysinfo,,,"Java HotSpot(TM) 64-Bit Server VM",1334114279941
java.vm.specification.name,sysinfo,,,"Java Virtual Machine Specification",1334114279941
java.vm.specification.vendor,sysinfo,,,"Sun Microsystems Inc.",1334114279941
java.vm.specification.version,sysinfo,,,"1.0",1334114279941
java.vm.vendor,sysinfo,,,"Sun Microsystems Inc.",1334114279941
java.vm.version,sysinfo,,,"19.1-b02",1334114279941
started,bundle,com.android.ide.eclipse.traceview,16.0.0.v201112072138-234950,"com.android.ide.eclipse.traceview",1334114280533
started,bundle,org.eclipse.team.cvs.core,3.3.400.I20110510-0800,"org.eclipse.team.cvs.core",1334114280549
started,bundle,org.eclipse.epp.usagedata.ui,1.3.1.R201106061540,"org.eclipse.epp.usagedata.ui",1334114281038
started,bundle,org.eclipse.team.cvs.ui,3.3.400.I20110510-0800,"org.eclipse.team.cvs.ui",1334114281087
deactivated,workbench,org.eclipse.ui.workbench,3.7.0.I20110519-0100,"",1334114282820
started,bundle,com.amazonaws.eclipse.core,2.0.0.v201201171605,"com.amazonaws.eclipse.core",1334114284092
activated,workbench,org.eclipse.ui.workbench,3.7.0.I20110519-0100,"",1334114293713
started,bundle,com.google.gdt.eclipse.maven,2.5.2.v201203300216-rel-r37,"com.google.gdt.eclipse.maven",1334114299106
started,bundle,com.google.gdt.eclipse.suite,2.5.2.v201203300216-rel-r37,"com.google.gdt.eclipse.suite",1334114299130
started,bundle,org.eclipse.jst.servlet.ui,1.1.500.v201105122000,"org.eclipse.jst.servlet.ui",1334114301555
started,bundle,org.eclipse.jdt.junit.core,3.7.0.v20110518-0800,"org.eclipse.jdt.junit.core",1334114302323
activated,view,org.eclipse.ui.console,3.5.100.v20110511,"org.eclipse.ui.console.ConsoleView",1334114315807
activated,editor,org.eclipse.wst.xml.ui,1.1.201.v201108151912,"org.eclipse.wst.xml.ui.internal.tabletree.XMLMultiPageEditorPart",1334114317003
deactivated,workbench,org.eclipse.ui.workbench,3.7.0.I20110519-0100,"",1334114320653
activated,workbench,org.eclipse.ui.workbench,3.7.0.I20110519-0100,"",1334114369816
activated,view,org.eclipse.ui.navigator.resources,3.4.300.I20110421-1800,"org.eclipse.ui.navigator.ProjectExplorer",1334114371691
started,bundle,org.eclipse.jst.ws.jaxws.dom.integration,1.0.100.v201101252155,"org.eclipse.jst.ws.jaxws.dom.integration",1334114371718
started,bundle,org.eclipse.jst.ws.jaxws.dom.ui,1.0.0.v201004171919,"org.eclipse.jst.ws.jaxws.dom.ui",1334114371724
deactivated,workbench,org.eclipse.ui.workbench,3.7.0.I20110519-0100,"",1334114394403
activated,workbench,org.eclipse.ui.workbench,3.7.0.I20110519-0100,"",1334116065095
deactivated,workbench,org.eclipse.ui.workbench,3.7.0.I20110519-0100,"",1334116066010
activated,workbench,org.eclipse.ui.workbench,3.7.0.I20110519-0100,"",1334116144043
deactivated,workbench,org.eclipse.ui.workbench,3.7.0.I20110519-0100,"",1334116145037
activated,workbench,org.eclipse.ui.workbench,3.7.0.I20110519-0100,"",1334116145149
deactivated,workbench,org.eclipse.ui.workbench,3.7.0.I20110519-0100,"",1334116149143
activated,workbench,org.eclipse.ui.workbench,3.7.0.I20110519-0100,"",1334116503075
activated,editor,org.eclipse.wst.xml.ui,1.1.201.v201108151912,"org.eclipse.wst.xml.ui.internal.tabletree.XMLMultiPageEditorPart",1334116503097
deactivated,workbench,org.eclipse.ui.workbench,3.7.0.I20110519-0100,"",1334116505292
activated,workbench,org.eclipse.ui.workbench,3.7.0.I20110519-0100,"",1334116635502
deactivated,workbench,org.eclipse.ui.workbench,3.7.0.I20110519-0100,"",1334116636601
activated,workbench,org.eclipse.ui.workbench,3.7.0.I20110519-0100,"",1334116773919
deactivated,workbench,org.eclipse.ui.workbench,3.7.0.I20110519-0100,"",1334116777014
deactivated,workbench,org.eclipse.ui.workbench,3.7.0.I20110519-0100,"",1334116832414
deactivated,workbench,org.eclipse.ui.workbench,3.7.0.I20110519-0100,"",1334116835269
deactivated,workbench,org.eclipse.ui.workbench,3.7.0.I20110519-0100,"",1334116844711
deactivated,workbench,org.eclipse.ui.workbench,3.7.0.I20110519-0100,"",1334116860065
deactivated,workbench,org.eclipse.ui.workbench,3.7.0.I20110519-0100,"",1334116870481
deactivated,workbench,org.eclipse.ui.workbench,3.7.0.I20110519-0100,"",1334116906965
deactivated,workbench,org.eclipse.ui.workbench,3.7.0.I20110519-0100,"",1334116931819
activated,workbench,org.eclipse.ui.workbench,3.7.0.I20110519-0100,"",1334116956808
deactivated,workbench,org.eclipse.ui.workbench,3.7.0.I20110519-0100,"",1334116958323
activated,workbench,org.eclipse.ui.workbench,3.7.0.I20110519-0100,"",1334116959892
closed,workbench,org.eclipse.ui.workbench,3.7.0.I20110519-0100,"",1334116960331
started,bundle,org.eclipse.compare,3.5.200.I20110525-0800,"org.eclipse.compare",1334116962556
stopped,bundle,org.eclipse.jst.ws.axis.creation.ui,1.0.700.v201104070312,"org.eclipse.jst.ws.axis.creation.ui",1334116964810
stopped,bundle,org.eclipse.jst.ws.axis.consumption.ui,1.0.505.v201004211805,"org.eclipse.jst.ws.axis.consumption.ui",1334116964811
stopped,bundle,org.eclipse.jst.ws.axis.consumption.core,1.0.407.v201104071820,"org.eclipse.jst.ws.axis.consumption.core",1334116964811
stopped,bundle,org.eclipse.jst.ws.axis2.creation.ui,1.0.104.v201004211805,"org.eclipse.jst.ws.axis2.creation.ui",1334116964846
stopped,bundle,org.eclipse.jst.ws.axis2.consumption.ui,1.0.103.v201004211805,"org.eclipse.jst.ws.axis2.consumption.ui",1334116964846
stopped,bundle,org.eclipse.jst.ws.axis2.creation.core,1.0.106.v201004211805,"org.eclipse.jst.ws.axis2.creation.core",1334116964846
stopped,bundle,org.eclipse.jst.ws.axis2.consumption.core,1.0.105.v201004211805,"org.eclipse.jst.ws.axis2.consumption.core",1334116964847
stopped,bundle,org.eclipse.jst.ws.axis2.ui,1.0.303.v201003110431,"org.eclipse.jst.ws.axis2.ui",1334116964847
stopped,bundle,org.eclipse.jst.ws.axis2.core,1.0.204.v201004211805,"org.eclipse.jst.ws.axis2.core",1334116964847
stopped,bundle,org.eclipse.jst.ws.cxf.creation.ui,1.0.100.v201104022153,"org.eclipse.jst.ws.cxf.creation.ui",1334116964847
stopped,bundle,org.eclipse.jst.ws.creation.ui,1.0.609.v201103082016,"org.eclipse.jst.ws.creation.ui",1334116964848
stopped,bundle,org.eclipse.jst.ws.cxf.consumption.ui,1.0.0.v201003222311,"org.eclipse.jst.ws.cxf.consumption.ui",1334116964876
stopped,bundle,org.eclipse.jst.ws.consumption.ui,1.1.400.v201103082016,"org.eclipse.jst.ws.consumption.ui",1334116964877
stopped,bundle,org.eclipse.jst.ws.consumption,1.0.600.v201103082016,"org.eclipse.jst.ws.consumption",1334116964877
stopped,bundle,org.eclipse.jst.ws.cxf.consumption.core,1.0.0.v201003222311,"org.eclipse.jst.ws.cxf.consumption.core",1334116964877
stopped,bundle,org.eclipse.jst.ws.cxf.creation.core,1.0.100.v201104022153,"org.eclipse.jst.ws.cxf.creation.core",1334116964877
stopped,bundle,org.eclipse.jst.ws.cxf.ui,1.0.0.v201004171919,"org.eclipse.jst.ws.cxf.ui",1334116964877
stopped,bundle,org.eclipse.jst.ws.cxf.core,1.0.100.v201104022153,"org.eclipse.jst.ws.cxf.core",1334116964877
stopped,bundle,org.eclipse.jst.ws.uddiregistry,1.0.500.v201004211805,"org.eclipse.jst.ws.uddiregistry",1334116964877
stopped,bundle,org.eclipse.jst.ws.ui,1.0.403.v201004211805,"org.eclipse.jst.ws.ui",1334116964877
stopped,bundle,org.eclipse.jst.ws,1.0.508.v201104071820,"org.eclipse.jst.ws",1334116964877
stopped,bundle,org.eclipse.wst.ws.explorer,1.0.607.v201103082002,"org.eclipse.wst.ws.explorer",1334116964907
stopped,bundle,org.eclipse.wst.wsdl.ui,1.2.403.v201108240515,"org.eclipse.wst.wsdl.ui",1334116964907
stopped,bundle,org.eclipse.wst.ws.ui,1.1.200.v201004211805,"org.eclipse.wst.ws.ui",1334116964942
stopped,bundle,org.eclipse.wst.wsi.ui,1.0.502.v201104071820,"org.eclipse.wst.wsi.ui",1334116964944
stopped,bundle,org.eclipse.wst.wsi,1.0.401.v201104071820,"org.eclipse.wst.wsi",1334116964944
stopped,bundle,org.eclipse.wst.ws,1.1.203.v201004211805,"org.eclipse.wst.ws",1334116964944
stopped,bundle,org.eclipse.jst.j2ee.webservice.ui,1.1.500.v201105122000,"org.eclipse.jst.j2ee.webservice.ui",1334116964953
stopped,bundle,org.eclipse.jst.j2ee.webservice,1.1.400.v201004110600,"org.eclipse.jst.j2ee.webservice",1334116964953
stopped,bundle,org.eclipse.wst.ws.parser,1.0.403.v201004211805,"org.eclipse.wst.ws.parser",1334116964953
stopped,bundle,org.eclipse.jpt.dbws.eclipselink.ui,1.0.0.v201104110000,"org.eclipse.jpt.dbws.eclipselink.ui",1334116964953
stopped,bundle,org.eclipse.jst.ws.jaxws.ui,1.0.100.v201104032053,"org.eclipse.jst.ws.jaxws.ui",1334116964953
stopped,bundle,org.eclipse.jst.ws.jaxws.core,1.0.100.v201104031139,"org.eclipse.jst.ws.jaxws.core",1334116964953
stopped,bundle,org.eclipse.mylyn.bugzilla.ui,3.6.0.v20110608-1400,"org.eclipse.mylyn.bugzilla.ui",1334116964953
stopped,bundle,org.eclipse.mylyn.bugzilla.core,3.6.0.v20110608-1400,"org.eclipse.mylyn.bugzilla.core",1334116964953
stopped,bundle,org.eclipse.mylyn.commons.xmlrpc,3.6.0.v20110608-1400,"org.eclipse.mylyn.commons.xmlrpc",1334116964953
stopped,bundle,org.eclipse.datatools.enablement.oda.ws.ui,1.2.2.v201105111200,"org.eclipse.datatools.enablement.oda.ws.ui",1334116964959
stopped,bundle,org.eclipse.datatools.enablement.oda.ws,1.2.2.v201011041216,"org.eclipse.datatools.enablement.oda.ws",1334116964989
stopped,bundle,org.eclipse.wst.wsdl.validation,1.1.502.v201104071820,"org.eclipse.wst.wsdl.validation",1334116964989
stopped,bundle,org.eclipse.wst.wsdl,1.2.202.v201108230355,"org.eclipse.wst.wsdl",1334116965002
stopped,bundle,org.eclipse.wst.xsl.exslt.ui,1.0.0.v201006012005,"org.eclipse.wst.xsl.exslt.ui",1334116965013
stopped,bundle,org.eclipse.wst.xsl.jaxp.debug.ui,1.0.200.v201103081922,"org.eclipse.wst.xsl.jaxp.debug.ui",1334116965047
stopped,bundle,org.eclipse.wst.xsl.ui,1.1.200.v201103082057,"org.eclipse.wst.xsl.ui",1334116965047
stopped,bundle,org.eclipse.wst.xml.xpath.ui,1.1.100.v201105030025,"org.eclipse.wst.xml.xpath.ui",1334116965047
stopped,bundle,org.eclipse.wst.xsl.debug.ui,1.0.200.v201101281837,"org.eclipse.wst.xsl.debug.ui",1334116965047
stopped,bundle,org.eclipse.wst.xsl.jaxp.launching,1.0.200.v201103081922,"org.eclipse.wst.xsl.jaxp.launching",1334116965047
stopped,bundle,org.eclipse.wst.xsl.launching,1.0.200.v201103081922,"org.eclipse.wst.xsl.launching",1334116965047
stopped,bundle,org.eclipse.wst.xsl.core,1.1.100.v201102270516,"org.eclipse.wst.xsl.core",1334116965047
stopped,bundle,org.eclipse.wst.xml.xpath.core,1.2.0.v201105030025,"org.eclipse.wst.xml.xpath.core",1334116965048
stopped,bundle,org.eclipse.datatools.enablement.oda.xml.ui,1.2.1.v201104211630,"org.eclipse.datatools.enablement.oda.xml.ui",1334116965083
stopped,bundle,org.eclipse.datatools.enablement.oda.xml,1.2.1.v201104121500,"org.eclipse.datatools.enablement.oda.xml",1334116965083
stopped,bundle,org.eclipse.jst.jsf.apache.trinidad.tagsupport,1.1.200.v201104061711,"org.eclipse.jst.jsf.apache.trinidad.tagsupport",1334116965083
stopped,bundle,org.eclipse.jst.jsf.facelet.ui,1.0.1.v201104032306,"org.eclipse.jst.jsf.facelet.ui",1334116965083
stopped,bundle,org.eclipse.jst.jsf.facelet.core,1.0.100.v201104191527,"org.eclipse.jst.jsf.facelet.core",1334116965083
stopped,bundle,org.eclipse.jst.jsf.facesconfig.ui,1.2.2.v201103292152,"org.eclipse.jst.jsf.facesconfig.ui",1334116965083
stopped,bundle,org.eclipse.jst.jsf.ui,1.3.2.v201104251204,"org.eclipse.jst.jsf.ui",1334116965083
stopped,bundle,org.eclipse.jst.pagedesigner.jsf.ui,1.2.100.v201104061711,"org.eclipse.jst.pagedesigner.jsf.ui",1334116965083
stopped,bundle,org.eclipse.jst.pagedesigner,1.3.3.v201104032306,"org.eclipse.jst.pagedesigner",1334116965083
stopped,bundle,org.eclipse.jst.jsf.core,1.3.5.v201105031140,"org.eclipse.jst.jsf.core",1334116965083
stopped,bundle,org.eclipse.jpt.jaxb.eclipselink.ui,1.1.0.v201105110000,"org.eclipse.jpt.jaxb.eclipselink.ui",1334116965083
stopped,bundle,org.eclipse.jpt.jaxb.ui,1.1.0.v201105180000,"org.eclipse.jpt.jaxb.ui",1334116965083
stopped,bundle,org.eclipse.jpt.jpa.eclipselink.ui,2.0.0.v201104270001,"org.eclipse.jpt.jpa.eclipselink.ui",1334116965083
stopped,bundle,org.eclipse.jpt.jpa.ui,3.0.0.v201105170000,"org.eclipse.jpt.jpa.ui",1334116965083
stopped,bundle,org.eclipse.jst.j2ee.ejb.annotations.ui,1.1.200.v201004290730,"org.eclipse.jst.j2ee.ejb.annotations.ui",1334116965083
stopped,bundle,org.eclipse.jst.ejb.ui,1.1.600.v201104261451,"org.eclipse.jst.ejb.ui",1334116965083
stopped,bundle,org.eclipse.jst.servlet.ui,1.1.500.v201105122000,"org.eclipse.jst.servlet.ui",1334116965083
stopped,bundle,org.eclipse.jst.ws.jaxws.dom.integration,1.0.100.v201101252155,"org.eclipse.jst.ws.jaxws.dom.integration",1334116965084
stopped,bundle,org.eclipse.jst.jee.ui,1.0.400.v201105122000,"org.eclipse.jst.jee.ui",1334116965125
stopped,bundle,org.eclipse.jst.j2ee.navigator.ui,1.1.500.v201012020700,"org.eclipse.jst.j2ee.navigator.ui",1334116965125
stopped,bundle,org.eclipse.jst.j2ee.jca.ui,1.1.400.v201004150700,"org.eclipse.jst.j2ee.jca.ui",1334116965125
stopped,bundle,org.eclipse.jst.j2ee.ui,1.1.500.v201104151900,"org.eclipse.jst.j2ee.ui",1334116965125
stopped,bundle,org.eclipse.wst.web.ui,1.1.400.v201004141630,"org.eclipse.wst.web.ui",1334116965126
stopped,bundle,org.eclipse.wst.jsdt.web.support.jsp,1.0.400.v201102241833,"org.eclipse.wst.jsdt.web.support.jsp",1334116965126
stopped,bundle,org.eclipse.jst.jsp.ui,1.1.601.v201108151912,"org.eclipse.jst.jsp.ui",1334116965126
stopped,bundle,org.eclipse.wst.jsdt.web.ui,1.0.401.v201108152113,"org.eclipse.wst.jsdt.web.ui",1334116965286
stopped,bundle,org.eclipse.wst.html.ui,1.0.601.v201108152113,"org.eclipse.wst.html.ui",1334116965374
stopped,bundle,com.google.gdt.eclipse.appengine.rpc,2.5.2.v201203300216-rel-r37,"com.google.gdt.eclipse.appengine.rpc",1334116965374
stopped,bundle,com.google.gdt.eclipse.maven.e37,2.5.2.v201203300216-rel-r37,"com.google.gdt.eclipse.maven.e37",1334116965374
stopped,bundle,com.google.gdt.eclipse.gph.e36,2.5.2.v201203300216-rel-r37,"com.google.gdt.eclipse.gph.e36",1334116965403
stopped,bundle,com.google.gdt.eclipse.gph.hge,2.5.2.v201203300216-rel-r37,"com.google.gdt.eclipse.gph.hge",1334116965403
stopped,bundle,com.google.gdt.eclipse.gph.subclipse,2.5.2.v201203300216-rel-r37,"com.google.gdt.eclipse.gph.subclipse",1334116965403
stopped,bundle,com.google.gdt.eclipse.gph.subversive,2.5.2.v201203300216-rel-r37,"com.google.gdt.eclipse.gph.subversive",1334116965403
stopped,bundle,com.google.gdt.eclipse.suite.ext,2.5.2.v201203300216-rel-r37,"com.google.gdt.eclipse.suite.ext",1334116965403
stopped,bundle,com.google.gdt.eclipse.gph,2.5.2.v201203300216-rel-r37,"com.google.gdt.eclipse.gph",1334116965403
stopped,bundle,com.google.gdt.eclipse.maven,2.5.2.v201203300216-rel-r37,"com.google.gdt.eclipse.maven",1334116965403
stopped,bundle,com.google.gdt.eclipse.suite,2.5.2.v201203300216-rel-r37,"com.google.gdt.eclipse.suite",1334116965403
stopped,bundle,com.google.gwt.eclipse.oophm,2.5.2.v201203300216-rel-r37,"com.google.gwt.eclipse.oophm",1334116965403
stopped,bundle,com.google.gwt.eclipse.sdkbundle,2.4.0.v201203300216-rel-r37,"com.google.gwt.eclipse.sdkbundle",1334116965403
stopped,bundle,com.google.gwt.eclipse.core,2.5.2.v201203300216-rel-r37,"com.google.gwt.eclipse.core",1334116965403
stopped,bundle,org.eclipse.wst.css.ui,1.0.600.v201103022054,"org.eclipse.wst.css.ui",1334116965403
stopped,bundle,org.eclipse.jst.jsf.common.ui,1.2.100.v201104061711,"org.eclipse.jst.jsf.common.ui",1334116965403
stopped,bundle,org.eclipse.jst.jsf.standard.tagsupport,1.2.100.v201104061711,"org.eclipse.jst.jsf.standard.tagsupport",1334116965403
stopped,bundle,org.eclipse.jst.pagedesigner.jsp.core,1.2.0.v20100308,"org.eclipse.jst.pagedesigner.jsp.core",1334116965403
stopped,bundle,org.eclipse.jst.jsf.common,1.2.3.v201104061039,"org.eclipse.jst.jsf.common",1334116965403
stopped,bundle,org.eclipse.jst.jsp.core,1.2.401.v201108302147,"org.eclipse.jst.jsp.core",1334116965403
stopped,bundle,org.eclipse.wst.jsdt.web.core,1.0.401.v201108152113,"org.eclipse.wst.jsdt.web.core",1334116965403
stopped,bundle,org.eclipse.wst.html.core,1.1.501.v201109080146,"org.eclipse.wst.html.core",1334116965493
stopped,bundle,com.google.appengine.eclipse.datatools,2.5.2.v201203300216-rel-r37,"com.google.appengine.eclipse.datatools",1334116965537
stopped,bundle,com.google.appengine.eclipse.sdkbundle,1.6.4.v201203300216r37,"com.google.appengine.eclipse.sdkbundle",1334116965537
stopped,bundle,com.google.gdt.eclipse.appsmarketplace,2.5.2.v201203300216-rel-r37,"com.google.gdt.eclipse.appsmarketplace",1334116965735
stopped,bundle,com.google.appengine.eclipse.core,2.5.2.v201203300216-rel-r37,"com.google.appengine.eclipse.core",1334116965735
stopped,bundle,com.google.gdt.eclipse.login,2.5.2.v201203300216-rel-r37,"com.google.gdt.eclipse.login",1334116965735
stopped,bundle,com.google.gdt.eclipse.managedapis,2.5.2.v201203300216-rel-r37,"com.google.gdt.eclipse.managedapis",1334116965735
stopped,bundle,com.google.gdt.eclipse.core,2.5.2.v201203300216-rel-r37,"com.google.gdt.eclipse.core",1334116965735
